legislatorId,name,electedBy,commissionsList,representedEntity,association,substitute,born,email,phone,photo,congressAbsences,ideologies,facebook,twitter,instagram,linkedin
1279,Ifigenia Martínez Hernández,Senadora Electa por Representación  Proporcional Basado en el Capítulo II; Sección I Artículo 56,Comisión de Reglamentos y Prácticas Parlamentarias|Comisión de Economía|Comisión de Federalismo y Desarrollo Municipal|Comisión de Hacienda y Crédito Público|Comisión de Relaciones Exteriores|,Lista Nacional,Movimiento Regeneración Nacional,Bertha Elena Lujan Uranga,null,ifigenia.martinez@senado.gob.mx,01 (55) 5345 3000  Ext. 3196; 3914; 5560,1279-martinez_y_hernandez_ifigenia_martha-20180825-112056.jpg,null,null,null,null,null,null
1288,Eunice Renata Romo Molina,Senadora Electa por Representación  Proporcional Basado en el Capítulo II; Sección I Artículo 56,Comisión de Relaciones Exteriores América Latina y el Caribe|Comisión de Comunicaciones y Transportes|Comisión de Zonas Metropolitanas|,Lista Nacional,Partido Encuentro Social,null,null,eunice.romo@senado.gob.mx,01 (55) 5345 3000  Ext. 3057,1288-romo_molina_eunice_renata-20180825-112405.jpg,null,null,null,null,null,null
1165,Gilberto Herrera Ruiz,Senador Electo por el Principio de Primera Minoría,Comisión de Medalla Belisario Domínguez|Comisión de Economía|Comisión de Educación|Comisión de Gobernación|Comisión de Ciencia y Tecnología|,Querétaro,Movimiento Regeneración Nacional,Juan José Jiménez Yáñez,null,gilberto.herrera@senado.gob.mx,01 (55) 5345 3000  Ext. 3972; 3349,1165-herrera_ruiz_gilberto-20180824-095537.jpg,null,null,null,null,null,null
1177,Primo Dothé Mata,Senador Electo por el Principio de Primera Minoría,Comisión de Zonas Metropolitanas|Comisión de Comunicaciones y Transportes|Comisión de Defensa Nacional|Comisión de Salud|,San Luis Potosí,Movimiento Regeneración Nacional,Eli César Eduardo Cervantes Rojas,null,primo.dothe@senado.gob.mx,01 (55) 5345 3000  Ext. 5597,1177-dothe_mata_primo-20180825-111428.jpg,null,null,null,null,null,null
1153,Raúl Bolaños Cacho Cué,Senador Electo por el Principio de Primera Minoría,Coordinador del Grupo Parlamentario del Partido Verde Ecologista de México|Comisión de Defensa Nacional|Comisión de Energía|Comisión de Desarrollo y Bienestar Social|,Oaxaca,Partido Verde Ecologista de México,José Javier Villacaña Jiménez,null,raul.bolanos@senado.gob.mx,01 (55) 5345 3000  Ext. 3338; 3065,1153-bolanos_cacho_cue_raul-20180823-104225.jpg,null,null,null,null,null,null
1151,Salomón Jara Cruz,Senador Electo por el Principio de Mayoría Relativa,Comisión de Estudios Legislativos Segunda|Comisión de Asuntos Indígenas|Comisión de Asuntos Fronterizos y Migratorios|Comisión de Relaciones Exteriores América Latina y el Caribe|Comisión de Relaciones Exteriores Asia - Pacífico - África|,Oaxaca,Movimiento Regeneración Nacional,Adolfo Gómez Hernández,null,salomon.jara@senado.gob.mx,01 (55) 5345 3000  Ext. 3595; 3598,1151-jara_cruz_salomon-20180823-102622.jpg,null,null,null,null,null,null
1175,Ma. Leonor Noyola Cervantes,Senadora Electa por el Principio de Mayoría Relativa,Comisión de Asuntos Indígenas|Comisión de Agricultura  Ganadería  Pesca y Desarrollo Rural|Comisión de Derechos Humanos|Comisión de Seguridad Social|,San Luis Potosí,Partido de la Revolución Democrática,María Graciela Gaitán Díaz,null,maria.noyola@senado.gob.mx,01 (55) 5345 3000  Ext. 3092,1175-noyola_cervantes_maria_leonor-20180823-094723.jpg,null,null,null,null,null,null
1163,María Guadalupe Murguía Gutiérrez,Senadora Electa por el Principio de Mayoría Relativa,Comisión de Reglamentos y Prácticas Parlamentarias|Comisión de Estudios Legislativos|Comisión de Gobernación|Comisión de Puntos Constitucionales|Comisión de Relaciones Exteriores Europa|,Querétaro,Partido Acción Nacional,Estrella Rojas Loreto,null,maria.murguia@senado.gob.mx,01 (55) 5345 3000  Ext. 3323,1163-murguia_gutierrez_maria_guadalupe-20180828-191332.jpg,null,null,null,null,null,null
1287,Casimiro Méndez Ortiz,Senador Electo por Representación  Proporcional Basado en el Capítulo II; Sección I Artículo 56,Comisión de Asuntos Indígenas|Comisión de Desarrollo y Bienestar Social|Comisión de Desarrollo Urbano  Ordenamiento Territorial y Vivienda|Comisión de Reforma Agraria|Comisión de Cultura|,Lista Nacional,Movimiento Regeneración Nacional,Roberto Pantoja Arzola,null,casimiro.mendez@senado.gob.mx,01 (55) 5345 3000  Ext. 3284; 3504,1287-mendez_ortiz_casimiro-20180825-111312.jpg,null,null,null,null,null,null
1276,Olga María del Carmen Sánchez Cordero Dávila,Senadora Electa por Representación  Proporcional Basado en el Capítulo II; Sección I Artículo 56,Comisión de Medalla Belisario Domínguez|Comisión de Derechos Humanos|Comisión de Gobernación|Comisión de Estudios Legislativos Segunda|Comisión de Derechos de la Niñez y de la Adolescencia|,Lista Nacional,Movimiento Regeneración Nacional,Laura María de Jesús Rodríguez Ramírez,null,olga.sanchezcordero@senado.gob.mx,01 (55) 5345 3000  Ext. 3660,1276-sanchez_cordero_davila_olga_maria_del_carmen-20180825-111642.jpg,null,null,null,null,null,null
1290,Gabriel García Hernández,Senador Electo por Representación  Proporcional Basado en el Capítulo II; Sección I Artículo 56,Comisión de Desarrollo y Bienestar Social|Comisión de Zonas Metropolitanas|Comisión de Desarrollo Urbano  Ordenamiento Territorial y Vivienda|Comisión de Puntos Constitucionales|Comisión de Seguridad Pública|,Lista Nacional,Movimiento Regeneración Nacional,José Alejandro Peña Villa,null,gabriel.garciah@senado.gob.mx,01 (55) 5345 3000  Ext. 5816,1290-garcia_hernandez_gabriel-20180825-112514.jpg,null,null,null,null,null,null
1242,Indira de Jesús Rosales San Román,Senadora Electa por Representación  Proporcional Basado en el Capítulo II; Sección I Artículo 56,Comisión de Justicia|Comisión de Estudios Legislativos Segunda|Comisión de Desarrollo y Bienestar Social|Comisión de Relaciones Exteriores|Comisión de Cultura|,Lista Nacional,Partido Acción Nacional,Judith Fabiola Vázquez Saut,null,indira.rosales@senado.gob.mx,01 (55) 5345 3000  Ext. 3031,1242-rosales_san_roman_indira_de_jesus-20180828-094137.jpg,null,null,null,null,null,null
1179,Imelda Castro Castro,Senadora Electa por el Principio de Mayoría Relativa,Comisión de Seguridad Social|Comisión de Ciencia y Tecnología|Comisión de Gobernación|Comisión de Desarrollo Urbano  Ordenamiento Territorial y Vivienda|Comisión de Turismo|,Sinaloa,Movimiento Regeneración Nacional,Elizabeth Ávila Carrancio,null,imelda.castro@senado.gob.mx,01 (55) 5345 3000  Ext. 3433; 3185,1179-castro_castro_imelda-20180823-100547.jpg,null,null,null,null,null,null
1167,José Luis Pech Várguez,Senador Electo por el Principio de Mayoría Relativa,Mesa Directiva|Comisión de Ciencia y Tecnología|Comisión de Desarrollo y Bienestar Social|Comisión de Hacienda y Crédito Público|Comisión de Turismo|Comisión de Relaciones Exteriores Europa|,Quintana Roo,Movimiento Regeneración Nacional,Rogelio Márquez valdivia,null,jose.pech@senado.gob.mx,01 (55) 5345 3000  Ext. 3159,1167-pech_varguez_jose_luis-20180823-101826.jpg,null,null,null,null,null,null
1169,Freyda Marybel Villegas Canché,Senadora Electa por el Principio de Mayoría Relativa,Comisión de Recursos Hidráulicos|Comisión de Comunicaciones y Transportes|Comisión de Hacienda y Crédito Público|Comisión de Medio Ambiente  Recursos Naturales y Cambio Climático|,Quintana Roo,Movimiento Regeneración Nacional,Gabriela López Gómez,null,marybel.villegas@senado.gob.mx,01 (55) 5345 3000  Ext. 3194; 5915; 5916,1169-villegas_canche_freyda_marybel-20180823-101543.jpg,null,null,null,null,null,null
1181,Rubén Rocha Moya,Senador Electo por el Principio de Mayoría Relativa,Comisión de Educación|Comisión de Estudios Legislativos|Comisión de Reglamentos y Prácticas Parlamentarias|Comisión de Recursos Hidráulicos|Comisión de Derechos de la Niñez y de la Adolescencia|,Sinaloa,Movimiento Regeneración Nacional,Raúl de Jesús Elenes Angulo,null,ruben.rocha@senado.gob.mx,01 (55) 5345 3000  Ext. 3359; 3978,1181-rocha_moya_ruben-20180823-100619.jpg,null,null,null,null,null,null
1240,Miguel Ángel Mancera Espinosa,Senador Electo por Representación  Proporcional Basado en el Capítulo II; Sección I Artículo 56,Coordinador del Grupo Parlamentario del Partido de la Revolución Democrática|Comisión de Comunicaciones y Transportes|Comisión de Federalismo y Desarrollo Municipal|Comisión de Medio Ambiente  Recursos Naturales y Cambio Climático|Comisión de Seguridad Pública|Comisión de Estudios Legislativos Segunda|Comisión de Justicia|,Lista Nacional,Partido de la Revolución Democrática,Juan Pablo Adame Alemán,null,miguel.mancera@senado.gob.mx,01 (55) 5345 3000  Ext. 3054; 3670,1240-mancera_espinosa_miguel_ngel-20180828-094058.jpg,null,null,null,null,null,null
1292,Claudia Esther Balderas Espinoza,Senadora Electa por Representación  Proporcional Basado en el Capítulo II; Sección I Artículo 56,Comisión de Juventud y Deporte|Comisión de Comunicaciones y Transportes|Comisión de Ciencia y Tecnología|Comisión de Estudios Legislativos Primera|,Lista Nacional,Movimiento Regeneración Nacional,Tanya Carola Viveros Chazaro,null,claudia.balderas@senado.gob.mx,01 (55) 5345 3000  Ext. 5824; 3333,1292-balderas_espinoza_claudia_esther-20180825-111817.jpg,null,null,null,null,null,null
1285,Katya Elizabeth Ávila Vázquez,Senadora Electa por Representación  Proporcional Basado en el Capítulo II; Sección I Artículo 56,Comisión de Administración|Comisión de Juventud y Deporte|,Lista Nacional,Partido Encuentro Social,Tanya Carola Viveros Chazaro,null,katya.avila@senado.gob.mx,01 (55) 5345 3000  Ext. 3340,1285-vila_vazquez_katya_elizabeth-20180825-112453.jpg,null,null,null,null,null,null
1211,Norma Rocío Nahle García,Senadora Electa por el Principio de Mayoría Relativa,Comisión de Recursos Hidráulicos|Comisión de Administración|Comisión de Agricultura  Ganadería  Pesca y Desarrollo Rural|Comisión de Energía|Comisión de Marina|,Veracruz,Movimiento Regeneración Nacional,Gloria Sánchez Hernández,null,rocio.nahle@senado.gob.mx,01 (55) 5345 3000  Ext. 3254; 5160,1211-nahle_garcia_norma_rocio-20180823-104400.jpg,null,null,null,null,null,null
1189,Sylvana Beltrones Sánchez,Senadora Electa por el Principio de Primera Minoría,Comisión de Puntos Constitucionales|Comisión de Salud|Comisión de Derechos Humanos|Comisión de Gobernación|Comisión de Medio Ambiente  Recursos Naturales y Cambio Climático|,Sonora,Partido Revolucionario Institucional,Luz Mireya Franco Hernández,null,sylvana.beltrones@senado.gob.mx,01 (55) 5345 3000  Ext. 3087; 5821,1189-beltrones_sanchez_sylvana-20180828-191841.jpg,null,null,null,null,null,null
1161,Mauricio Kuri González,Senador Electo por el Principio de Mayoría Relativa,Comisión de Hacienda y Crédito Público|Comisión de Economía|Comisión de Derechos Humanos|Comisión de Ciencia y Tecnología|,Querétaro,Partido Acción Nacional,José Alfredo Botello Montes,null,mauricio.kuri@senado.gob.mx,01 (55) 5345 3000  Ext. 3042,1161-kuri_gonzalez_mauricio-20180823-095414.jpg,null,null,null,null,null,null
1159,Nadia Navarro Acevedo,Senadora Electa por el Principio de Primera Minoría,Comisión de Gobernación|Comisión de Justicia|Comisión de Para la Igualdad de Género|Comisión de Seguridad Social|Comisión de Relaciones Exteriores América del Norte|,Puebla,Partido Acción Nacional,María del Socorro Figueroa Andrade,null,nadia.navarro@senado.gob.mx,01 (55) 5345 3000  Ext. 5245,1159-navarro_acevedo_nadia-20180825-111926.jpg,null,null,null,null,null,null
1187,Lilly Téllez,Senadora Electa por el Principio de Mayoría Relativa,Comisión de Marina|Comisión de Defensa Nacional|Comisión de Minería y Desarrollo Regional|,Sonora,Movimiento Regeneración Nacional,Reina Castro Longoria,null,lilly.tellez@senado.gob.mx,01 (55) 5345 3000  Ext. 3251; 5228,1187-tellez_garcia_maria_lilly_del_carmen-20180824-095507.jpg,null,null,null,null,null,null
1213,Julen Rementería del Puerto,Senador Electo por el Principio de Primera Minoría,Comisión de Energía|Comisión de Jurisdiccional|Comisión de Comunicaciones y Transportes|Comisión de Recursos Hidráulicos|Comisión de Anticorrupción  Transparencia y Participación Ciudadana|,Veracruz,Partido Acción Nacional,Orestes Eugenio Pérez Cruz,null,julenrementeria@senado.gob.mx,01 (55) 5345 3000  Ext. 5239; 3179,1213-rementeria_del_puerto_julen-20180823-104636.jpg,null,null,null,null,null,null
1284,Germán Martínez Cázares,Senador Electo por Representación  Proporcional Basado en el Capítulo II; Sección I Artículo 56,Comisión de Estudios Legislativos Primera|Comisión de Administración|Comisión de Seguridad Pública|Comisión de Estudios Legislativos Segunda|Comisión de Seguridad Social|,Lista Nacional,Movimiento Regeneración Nacional,Pedro Miguel Haces Barba,null,german.martinez@senado.gob.mx,01 (55) 5345 3000  Ext. 3470; 5867,1284-martinez_cazares_german-20180825-111129.jpg,null,null,null,null,null,null
1281,Napoleón Gómez Urrutia,Senador Electo por Representación  Proporcional Basado en el Capítulo II; Sección I Artículo 56,Comisión de Trabajo y Previsión Social|Comisión de Economía|Comisión de Energía|Comisión de Relaciones Exteriores|Comisión de Minería y Desarrollo Regional|,Lista Nacional,Movimiento Regeneración Nacional,Candelario Pérez Alvarado,null,napoleon.gomez@senado.gob.mx,01 (55) 5345 3000  Ext. 3224,1281-gomez_urrutia_napoleon-20180828-094219.jpg,null,null,null,null,null,null
1260,Eruviel Ávila Villegas,Senador Electo por Representación  Proporcional Basado en el Capítulo II; Sección I Artículo 56,Comisión de Marina|Comisión de Medalla Belisario Domínguez|Comisión de Salud|Comisión de Radio  Televisión y Cinematografía|Comisión de Relaciones Exteriores Asia - Pacífico - África|,Lista Nacional,Partido Revolucionario Institucional,José Rubén Escajeda Jiménez,null,oficina.eruviel.avila@senado.gob.mx,01 (55) 5345 3000  Ext. 5273; 3045; 5922,1260-vila_villegas_eruviel-20180828-191723.jpg,null,null,null,null,null,null
1131,Cristóbal Arias Solís,Senador Electo por el Principio de Mayoría Relativa,Comisión de Gobernación|Comisión de Justicia|Comisión de Puntos Constitucionales|Comisión de Estudios Legislativos Primera|Comisión de Jurisdiccional|,Michoacán,Movimiento Regeneración Nacional,José Alfonso Pascual Solórzano Fraga,null,cristobal.arias@senado.gob.mx,01 (55) 5345 3000  Ext. 3273,1131-arias_solis_cristobal-20180828-191408.jpg,null,null,null,null,null,null
1155,Alejandro Armenta Mier,Senador Electo por el Principio de Mayoría Relativa,Comisión de Hacienda y Crédito Público|Comisión de Agricultura  Ganadería  Pesca y Desarrollo Rural|Comisión de Economía|Comisión de Federalismo y Desarrollo Municipal|Comisión de Relaciones Exteriores|,Puebla,Movimiento Regeneración Nacional,Jesús Encinas Meneses,null,alejandro.armenta@senado.gob.mx,01 (55) 5345 3000  Ext. 3118; 5392; 5132,1155-armenta_mier_alejandro-20180825-111510.jpg,null,null,null,null,null,null
1183,Mario Zamora Gastélum,Senador Electo por el Principio de Primera Minoría,Comisión de Reforma Agraria|Comisión de Energía|Comisión de Estudios Legislativos Primera|Comisión de Recursos Hidráulicos|Comisión de Anticorrupción  Transparencia y Participación Ciudadana|,Sinaloa,Partido Revolucionario Institucional,Heriberto Manuel Galindo Quiñones,null,mario.zamora@senado.gob.mx,01 (55) 5345 3000  Ext. 3588; 3141,1183-zamora_gastelum_mario-20180828-191819.jpg,null,null,null,null,null,null
1185,Alfonso Durazo Montaño,Senador Electo por el Principio de Mayoría Relativa,Comisión de Relaciones Exteriores Europa|Comisión de Defensa Nacional|Comisión de Marina|Comisión de Puntos Constitucionales|Comisión de Seguridad Pública|,Sonora,Movimiento Regeneración Nacional,Arturo Bours Griffith,null,alfonso.durazo@senado.gob.mx,01 (55) 5345 3000  Ext. 3123,1185-durazo_montano_francisco_alfonso-20180823-100744.jpg,null,null,null,null,null,null
1157,Nancy De la Sierra Arámburo,Senadora Electa por el Principio de Mayoría Relativa,Mesa Directiva|Comisión de Relaciones Exteriores|Comisión de Medalla Belisario Domínguez|Comisión de Puntos Constitucionales|Comisión de Radio  Televisión y Cinematografía|,Puebla,Partido del Trabajo,Sandra González de Yta,null,nancy.delasierra@senado.gob.mx,01 (55) 5345 3000  Ext. 5545; 3084,1157-de_la_sierra_aramburo_nancy-20180824-094636.jpg,null,null,null,null,null,null
1133,Blanca Estela Piña Gudiño,Senadora Electa por el Principio de Mayoría Relativa,Comisión de Para la Igualdad de Género|Comisión de Desarrollo y Bienestar Social|Comisión de Educación|Comisión de Trabajo y Previsión Social|Comisión de Cultura|,Michoacán,Movimiento Regeneración Nacional,Graciela Carmina Andrade García Peláez,null,blanca.pina@senado.gob.mx,01 (55) 5345 3000  Ext. 3204,1133-pina_gudino_blanca_estela-20180824-095606.jpg,null,null,null,null,null,null
1262,Bertha Xóchitl Gálvez Ruiz,Senadora Electa por Representación  Proporcional Basado en el Capítulo II; Sección I Artículo 56,Comisión de Asuntos Indígenas|Comisión de Anticorrupción  Transparencia y Participación Ciudadana|Comisión de Zonas Metropolitanas|Comisión de Medio Ambiente  Recursos Naturales y Cambio Climático|Comisión de Reforma Agraria|,Lista Nacional,Partido Acción Nacional,Laura Irais Ballesteros Mancilla,null,xochitl.galvez@senado.gob.mx,01 (55) 5345 3000  Ext. 3261,1262-galvez_ruiz_bertha_xochitl-20180828-094028.jpg,null,null,null,null,null,null
1282,Elvia Marcela Mora Arellano,Senadora Electa por Representación  Proporcional Basado en el Capítulo II; Sección I Artículo 56,Comisión de Desarrollo y Bienestar Social|Comisión de Ciencia y Tecnología|Comisión de Minería y Desarrollo Regional|,Lista Nacional,Partido Encuentro Social,null,null,marcela.mora@senado.gob.mx,01 (55) 5345 3000  Ext. 3597,1282-mora_arellano_elvia_marcela-20180825-112431.jpg,null,null,null,null,null,null
1058,María Guadalupe Saldaña Cisneros,Senadora Electa por el Principio de Primera Minoría,Mesa Directiva|Comisión de Medio Ambiente  Recursos Naturales y Cambio Climático|Comisión de Educación|Comisión de Desarrollo Urbano  Ordenamiento Territorial y Vivienda|Comisión de Turismo|Comisión de Agricultura  Ganadería  Pesca y Desarrollo Rural|,Baja California Sur,Partido Acción Nacional,Audelia Esthela Villarreal Zavala,null,lupitasaldana@senado.gob.mx lupitasaldana@pan.senado.gob.mx,01 (55) 5345 3000  Ext. 5444;5565;5446,1058-saldana_cisneros_maria_guadalupe-20180913-174448.jpg,null,null,null,null,null,null
1050,Alejandra del Carmen León Gastélum,Senadora Electa por el Principio de Mayoría Relativa,Comisión de Para la Igualdad de Género|Comisión de Reforma Agraria|Comisión de Gobernación|Comisión de Medio Ambiente  Recursos Naturales y Cambio Climático|Comisión de Seguridad Pública|,Baja California,Partido del Trabajo,Claudia Herrera Rodríguez,null,alejandra.leon@senado.gob.mx,01 (55) 5345 3000  Ext. 5214; 5036; 3096,1050-leon_gastelum_alejandra_del_carmen-20180823-103718.jpg,null,null,null,null,null,null
1052,Gina Andrea Cruz Blackledge,Senadora Electa por el Principio de Primera Minoría,Comisión de Relaciones Exteriores América del Norte|Comisión de Derechos Humanos|Comisión de Estudios Legislativos|Comisión de Federalismo y Desarrollo Municipal|,Baja California,Partido Acción Nacional,Iraís María Vázquez Aguiar,null,gina.cruz@senado.gob.mx,01 (55) 5345 3000  Ext. 3388,1052-cruz_blackledge_gina_andrea-20180824-094949.jpg,null,null,null,null,null,null
1060,Aníbal Ostoa Ortega,Senador Electo por el Principio de Mayoría Relativa,Comisión de Relaciones Exteriores Asia - Pacífico - África|Comisión de Desarrollo y Bienestar Social|Comisión de Educación|Comisión de Energía|Comisión de Salud|,Campeche,Movimiento Regeneración Nacional,Arturo del Carmen Moo Cahuich,null,anibal.ostoa@senado.gob.mx,01 (55) 5345 3000  Ext. 3545,1060-ostoa_ortega_anibal-20180823-101149.jpg,null,null,null,null,null,null
1056,Jesús Lucía Trasviña Waldenrath,Senadora Electa por el Principio de Mayoría Relativa,Comisión de Seguridad Pública|Comisión de Defensa Nacional|Comisión de Justicia|Comisión de Medio Ambiente  Recursos Naturales y Cambio Climático|Comisión de Trabajo y Previsión Social|,Baja California Sur,Movimiento Regeneración Nacional,Mónica Trevizo Vásquez,null,lucia.trasvina@senado.gob.mx,01 (55) 5345 3000  Ext. 3151; 2377; 5523,1056-trasvina_waldenrath_jesus_lucia-20180823-100927.jpg,null,null,null,null,null,null
1113,Angélica García Arrieta,Senadora Electa por el Principio de Mayoría Relativa,Comisión de Minería y Desarrollo Regional|Comisión de Asuntos Indígenas|Comisión de Federalismo y Desarrollo Municipal|Comisión de Desarrollo Urbano  Ordenamiento Territorial y Vivienda|Comisión de Medio Ambiente  Recursos Naturales y Cambio Climático|,Hidalgo,Movimiento Regeneración Nacional,María Merced González González,null,angelica.garciaa@senado.gob.mx,01 (55) 5345 3000  Ext. 3111; 5300; 5532,1113-garcia_arrieta_angelica-20180823-101609.jpg,null,null,null,null,null,null
1111,Manuel Añorve Baños,Senador Electo por el Principio de Primera Minoría,Comisión de Estudios Legislativos|Comisión de Comunicaciones y Transportes|Comisión de Defensa Nacional|Comisión de Turismo|Comisión de Relaciones Exteriores Europa|,Guerrero,Partido Revolucionario Institucional,Arturo Álvarez Angli,null,manuel.anorve@senado.gob.mx,01 (55) 5345 3000  Ext. 5910,1111-anorve_banos_manuel-20180828-191802.jpg,null,null,null,null,null,null
1054,Víctor Manuel Castro Cosío,Senador Electo por el Principio de Mayoría Relativa,Comisión de Medio Ambiente  Recursos Naturales y Cambio Climático|Comisión de Agricultura  Ganadería  Pesca y Desarrollo Rural|Comisión de Estudios Legislativos|Comisión de Marina|Comisión de Turismo|,Baja California Sur,Movimiento Regeneración Nacional,Ricardo Velázquez Meza,null,victor.castro@senado.gob.mx,01 (55) 5345 3000  Ext. 3628,1054-castro_cosio_victor_manuel-20180823-101711.jpg,null,null,null,null,null,null
1091,Gricelda Valencia de la Mora,Senadora Electa por el Principio de Mayoría Relativa,Comisión de Seguridad Social|Comisión de Comunicaciones y Transportes|Comisión de Ciencia y Tecnología|Comisión de Recursos Hidráulicos|Comisión de Juventud y Deporte|,Colima,Movimiento Regeneración Nacional,Ana María Contreras Ruiz,null,gricelda.valencia@senado.gob.mx,01 (55) 5345 3000  Ext. 3643; 3698; 3253,1091-valencia_de_la_mora_gricelda-20180823-101937.jpg,null,null,null,null,null,null
1062,Cecilia Margarita Sánchez García,Senadora Electa por el Principio de Mayoría Relativa,Comisión de Turismo|Comisión de Asuntos Indígenas|Comisión de Energía|Comisión de Seguridad Social|Comisión de Anticorrupción  Transparencia y Participación Ciudadana|,Campeche,Movimiento Regeneración Nacional,Lida Ruíz Hernández,null,cecilia.sanchez@senado.gob.mx,01 (55) 5345 3000  Ext. 5434,1062-sanchez_garcia_cecilia_margarita-20180823-102156.jpg,null,null,null,null,null,null
1064,Rocío Adriana Abreu Artiñano,Senadora Electa por el Principio de Primera Minoría,Comisión de Jurisdiccional|Comisión de Gobernación|Comisión de Hacienda y Crédito Público|Comisión de Reglamentos y Prácticas Parlamentarias|Comisión de Energía|,Campeche,Movimiento Regeneración Nacional,Hilda Eugenia Velázquez Rodríguez,null,rocio.abreu@senado.gob.mx,01 (55) 5345 3000  Ext. 3552; 5494,1064-abreu_artinano_rocio_adriana-20180823-104744.jpg,null,null,null,null,null,null
1093,Gabriela Benavides Cobos,Senadora Electa por el Principio de Primera Minoría,Comisión de Jurisdiccional|Comisión de Gobernación|Comisión de Hacienda y Crédito Público|Comisión de Reglamentos y Prácticas Parlamentarias|Comisión de Energía|,Colima,Partido Verde Ecologista de México,Sonia Alejandrina Martínez Mendoza,null,gabriela.benavides@senado.gob.mx,01 (55) 5345 3000  Ext. 3933,1093-benavides_cobos_gabriela-20180825-111958.jpg,null,null,null,null,null,null
1068,Oscar Eduardo Ramírez Aguilar,Senador Electo por el Principio de Mayoría Relativa,Comisión de Puntos Constitucionales|Comisión de Gobernación|Comisión de Medalla Belisario Domínguez|Comisión de Anticorrupción  Transparencia y Participación Ciudadana|Comisión de Jurisdiccional|,Chiapas,Movimiento Regeneración Nacional,José Antonio Aguilar Castillejos,null,oscar.ramireza@senado.gob.mx,01 (55) 5345 3000  Ext. 3440,1068-ramirez_aguilar_oscar_eduardo-20180823-101407.jpg,null,null,null,null,null,null
1066,Sasil De León Villard,Senadora Electa por el Principio de Mayoría Relativa,Coordinadora del Grupo Parlamentario del Partido Encuentro Social|Comisión de Medalla Belisario Domínguez|Comisión de Asuntos Fronterizos y Migratorios|Comisión de Hacienda y Crédito Público|,Chiapas,Partido Encuentro Social,María Isabel Rodríguez Jiménez,null,sasil.deleon@senado.gob.mx,01 (55) 5345 3000  Ext. 3346,1066-de_leon_villard_sasil_dora_luz-20180824-095306.jpg,null,null,null,null,null,null
1089,Joel Padilla Peña,Senador Electo por el Principio de Mayoría Relativa,Comisión de Federalismo y Desarrollo Municipal|Comisión de Desarrollo Urbano  Ordenamiento Territorial y Vivienda|Comisión de Agricultura  Ganadería  Pesca y Desarrollo Rural|Comisión de Desarrollo y Bienestar Social|Comisión de Educación|,Colima,Partido del Trabajo,Eduardo Guía Velázquez,null,oficina.joel.padilla.pt@senado.gob.mx,01 (55) 5345 3000  Ext. 5020; 3182; 5345,1089-padilla_pena_joel-20180823-095334.jpg,null,null,null,null,null,null
1101,José Erandi Bermúdez Méndez,Senador Electo por el Principio de Mayoría Relativa,Comisión de Recursos Hidráulicos|Comisión de Agricultura  Ganadería  Pesca y Desarrollo Rural|Comisión de Radio  Televisión y Cinematografía|Comisión de Relaciones Exteriores Europa|,Guanajuato,Partido Acción Nacional,Juan Antonio Negrete Martínez,null,erandi.bermudez@senado.gob.mx,01 (55) 5345 3000  Ext. 3268,1101-bermudez_mendez_jose_erandi-20180823-094642.jpg,null,null,null,null,null,null
1035,Lucía Virginia Meza Guzmán,Senadora Electa por el Principio de Mayoría Relativa,Comisión de Juventud y Deporte|Comisión de Administración|Comisión de Federalismo y Desarrollo Municipal|Comisión de Justicia|Comisión de Trabajo y Previsión Social|,Morelos,Movimiento Regeneración Nacional,Leticia Peña Ocampo,null,lucia.meza@senado.gob.mx,01 (55) 5345 3000  Ext. 3345,1035-meza_guzman_lucia_virginia-20180823-101746.jpg,null,null,null,null,null,null
1098,Juan Quiñonez Ruiz,Senador Electo por el Principio de Primera Minoría,Comisión de Comunicaciones y Transportes|Comisión de Agricultura  Ganadería  Pesca y Desarrollo Rural|Comisión de Defensa Nacional|Comisión de Recursos Hidráulicos|Comisión de Minería y Desarrollo Regional|,Durango,Movimiento Ciudadano,Leticia Peña Ocampo,null,juan.quinonez@senado.gob.mx,01 (55) 5345 3000  Ext. 3896; 5340,1098-quinonez_ruiz_juan-20180906-165221.jpg,null,null,null,null,null,null
1087,Verónica Martínez García,Senadora Electa por el Principio de Primera Minoría,Comisión de Economía|Comisión de Seguridad Pública|Comisión de Para la Igualdad de Género|Comisión de Juventud y Deporte|Comisión de Asuntos Fronterizos y Migratorios|,Coahuila,Partido Revolucionario Institucional,Luisa Ivone Gallegos Martínez,null,veronica.mtzg@senado.gob.mx,01 (55) 5345 3000  Ext. 3954,1087-martinez_garcia_veronica-20180828-191636.jpg,null,null,null,null,null,null
1095,Alejandro González Yáñez,Senador Electo por el Principio de Mayoría Relativa,Comisión de Economía|Comisión de Seguridad Pública|Comisión de Para la Igualdad de Género|Comisión de Juventud y Deporte|Comisión de Asuntos Fronterizos y Migratorios|,Durango,Partido del Trabajo,Miguel Ángel Lucero Olivas,null,alejandro.gonzalezy@senado.gob.mx,01 (55) 5345 3000  Ext.,1095-gonzalez_yanez_alejandro-20180828-191453.jpg,null,null,null,null,null,null
1083,Eva Eugenia Galaz Caletti,Senadora Electa por el Principio de Mayoría Relativa,Comisión de Federalismo y Desarrollo Municipal|Comisión de Agricultura  Ganadería  Pesca y Desarrollo Rural|Comisión de Medio Ambiente  Recursos Naturales y Cambio Climático|,Coahuila,Movimiento Regeneración Nacional,Mónica Montero Cuellar,null,eva.galaz@senado.gob.mx,01 (55) 5345 3000  Ext. 3257,1083-galaz_caletti_eva_eugenia-20180823-100808.jpg,null,null,null,null,null,null
1071,Bertha Alicia Caraveo Camarena,Senadora Electa por el Principio de Mayoría Relativa,Comisión de Asuntos Fronterizos y Migratorios|Comisión de Ciencia y Tecnología|Comisión de Para la Igualdad de Género|Comisión de Relaciones Exteriores|Comisión de Relaciones Exteriores América del Norte|,Chihuahua,Movimiento Regeneración Nacional,Flor Pilar Cazares Holguín,null,bertha.caraveo@senado.gob.mx,01 (55) 5345 3000  Ext. 3245; 3070,1071-caraveo_camarena_bertha_alicia-20180823-101223.jpg,null,null,null,null,null,null
1037,Radamés Salazar Solorio,Senador Electo por el Principio de Mayoría Relativa,Comisión de Relaciones Exteriores Europa|Comisión de Defensa Nacional|Comisión de Seguridad Pública|Comisión de Seguridad Social|Comisión de Minería y Desarrollo Regional|,Morelos,Movimiento Regeneración Nacional,Sergio Pérez Flores,null,radames.salazar@senado.gob.mx,01 (55) 5345 3000  Ext. 3293; 3311,1037-salazar_solorio_radames-20180823-102559.jpg,null,null,null,null,null,null
1039,Ángel García Yáñez,Senador Electo por el Principio de Primera Minoría,Comisión de Educación|Comisión de Seguridad Social|Comisión de Agricultura  Ganadería  Pesca y Desarrollo Rural|Comisión de Comunicaciones y Transportes|Comisión de Derechos de la Niñez y de la Adolescencia|,Morelos,Partido Revolucionario Institucional,Jesús Milford Rico Ponce,null,angel.garcia@senado.gob.mx,01 (55) 5345 3000  Ext. 3490,1039-garcia_yanez_ngel-20180823-104429.jpg,null,null,null,null,null,null
1073,Cruz Pérez Cuellar,Senador Electo por el Principio de Mayoría Relativa,Comisión de Estudios Legislativos|Comisión de Comunicaciones y Transportes|Comisión de Energía|Comisión de Justicia|Comisión de Trabajo y Previsión Social|,Chihuahua,Movimiento Regeneración Nacional,Rafael Espino de la Peña,null,cruz.perez@senado.gob.mx,01 (55) 5345 3000  Ext. 3127; 3519,1073-perez_cuellar_cruz-20180823-104118.jpg,null,null,null,null,null,null
1085,Santana Armando Guadiana Tijerina,Senador Electo por el Principio de Mayoría Relativa,Comisión de Energía|Comisión de Economía|Comisión de Comunicaciones y Transportes|Comisión de Recursos Hidráulicos|Comisión de Minería y Desarrollo Regional|,Coahuila,Movimiento Regeneración Nacional,Reyes Flores Hurtado,null,aguadiana@senado.gob.mx,01 (55) 5345 3000  Ext. 2373; 5346,1085-guadiana_tijerina_santana_armando-20180824-094835.jpg,null,null,null,null,null,null
1097,Lilia Margarita Valdez Martínez,Senadora Electa por el Principio de Mayoría Relativa,Comisión de Derechos de la Niñez y de la Adolescencia|Comisión de Salud|Comisión de Estudios Legislativos Primera|Comisión de Seguridad Social|Comisión de Radio  Televisión y Cinematografía|,Durango,Movimiento Regeneración Nacional,María de la Luz Rico Rodríguez,null,lilia.valdez@senado.gob.mx,01 (55) 5345 3000  Ext. 3341,1097-valdez_martinez_lilia_margarita-20180823-102234.jpg,null,null,null,null,null,null
1105,Martha Lucía Micher Camarena,Senadora Electa por el Principio de Primera Minoría,Comisión de Para la Igualdad de Género|Comisión de Derechos Humanos|Comisión de Desarrollo Urbano  Ordenamiento Territorial y Vivienda|Comisión de Relaciones Exteriores|Comisión de Salud|,Guanajuato,Movimiento Regeneración Nacional,Rosmilda Salinas Castilla,null,martha.micher@senado.gob.mx,01 (55) 5345 3000  Ext. 3922; 5116,1105-micher_camarena_martha_lucia-20180823-100654.jpg,null,null,null,null,null,null
1077,Martí Batres Guadarrama,Senador Electo por el Principio de Mayoría Relativa,Comisión de Para la Igualdad de Género|Comisión de Derechos Humanos|Comisión de Desarrollo Urbano  Ordenamiento Territorial y Vivienda|Comisión de Relaciones Exteriores|Comisión de Salud|,Ciudad de México,Movimiento Regeneración Nacional,César Arnulfo Cravioto Romero,null,marti.batres@senado.gob.mx,01 (55) 5345 3000  Ext. 5495,1077-batres_guadarrama_marti-20180824-094714.jpg,null,null,null,null,null,null
1048,Jaime Bonilla Valdez,Senador Electo por el Principio de Mayoría Relativa,Comisión de Asuntos Fronterizos y Migratorios|Comisión de Economía|,Baja California,Movimiento Regeneración Nacional,Gerardo Novelo Osuna,null,jaime.bonilla@senado.gob.mx,01 (55) 5345 3000  Ext. 3046; 5229,1048-bonilla_valdez_jaime-20180825-112205.jpg,null,null,null,null,null,null
1046,Daniel Gutiérrez Castorena,Senador Electo por el Principio de Primera Minoría,Comisión de Radio  Televisión y Cinematografía|Comisión de Estudios Legislativos|Comisión de Trabajo y Previsión Social|Comisión de Anticorrupción  Transparencia y Participación Ciudadana|Comisión de Relaciones Exteriores Asia - Pacífico - África|,Aguascalientes,Movimiento Regeneración Nacional,Alejandro Ponce Larrinua,null,daniel.gutierrezc@senado.gob.mx,01 (55) 5345 3000  Ext. 3072; 5226,1046-gutierrez_castorena_daniel-20180823-104503.jpg,null,null,null,null,null,null
1075,Gustavo Enrique Madero Muñoz,Senador Electo por el Principio de Primera Minoría,Comisión de Economía|Comisión de Desarrollo y Bienestar Social|Comisión de Ciencia y Tecnología|Comisión de Relaciones Exteriores América Latina y el Caribe|,Chihuahua,Partido Acción Nacional,Carlos Alfredo Olson San Vicente,null,gustavomadero@senado.gob.mx,01 (55) 5345 3000  Ext. 3633; 3409,1075-madero_munoz_gustavo_enrique-20180823-095444.jpg,null,null,null,null,null,null
1103,Alejandra Noemí Reynoso Sánchez,Senadora Electa por el Principio de Mayoría Relativa,Comisión de Relaciones Exteriores|Comisión de Federalismo y Desarrollo Municipal|Comisión de Medio Ambiente  Recursos Naturales y Cambio Climático|Comisión de Salud|Comisión de Asuntos Fronterizos y Migratorios|,Guanajuato,Partido Acción Nacional,Ana Teresa Paniagua García,null,werareynoso@senado.gob.mx,01 (55) 5345 3000  Ext. 3012,1103-reynoso_sanchez_alejandra_noemi-20180823-095247.jpg,null,null,null,null,null,null
1079,M. Citlalli Hernández Mora,Senadora Electa por el Principio de Mayoría Relativa,Comisión de Anticorrupción  Transparencia y Participación Ciudadana|Comisión de Derechos Humanos|Comisión de Cultura|Comisión de Juventud y Deporte|Comisión de Relaciones Exteriores América Latina y el Caribe|,Ciudad de México,Movimiento Regeneración Nacional,María Celeste Sánchez Sugia,null,citlalli.hernandez@senado.gob.mx,01 (55) 5345 3000  Ext. 4116; 5981; 3563,1079-hernandez_mora_minerva_citlalli-20180824-095644.jpg,null,null,null,null,null,null
1107,Nestora Salgado García,Senadora Electa por el Principio de Mayoría Relativa,Comisión de Derechos Humanos|Comisión de Asuntos Indígenas|Comisión de Estudios Legislativos|Comisión de Desarrollo Urbano  Ordenamiento Territorial y Vivienda|Comisión de Seguridad Pública|,Guerrero,Movimiento Regeneración Nacional,Felicitas Martínez Solano,null,nestora.salgado@senado.gob.mx,01 (55) 5345 3000  Ext. 5125; 3198,1107-salgado_garcia_nestora-20180823-104258.jpg,null,null,null,null,null,null
1042,Martha Cecilia Márquez Alvarado,Senadora Electa por el Principio de Mayoría Relativa,Comisión de Salud|Comisión de Desarrollo y Bienestar Social|Comisión de Anticorrupción  Transparencia y Participación Ciudadana|Comisión de Derechos de la Niñez y de la Adolescencia|Comisión de Juventud y Deporte|,Aguascalientes,Partido Acción Nacional,Adriana Guadalupe Jurado Valadez,null,martha.marquez@senado.gob.mx,01 (55) 5345 3000  Ext. 3106,1042-marquez_alvarado_martha_cecilia-20180823-094303.jpg,null,null,null,null,null,null
1044,Juan Antonio Martín del Campo Martín del Campo,Senador Electo por el Principio de Mayoría Relativa,Comisión de Agricultura  Ganadería  Pesca y Desarrollo Rural|Comisión de Administración|Comisión de Comunicaciones y Transportes|Comisión de Hacienda y Crédito Público|Comisión de Recursos Hidráulicos|,Aguascalientes,Partido Acción Nacional,Juan Francisco Larios Esparza,null,martindelcampo@senado.gob.mx,01 (55) 5345 3000  Ext. 3699,1044-martin_del_campo_martin_del_campo_juan_antonio-20180823-104703.jpg,null,null,null,null,null,null
1109,J. Félix Salgado Macedonio,Senador Electo por el Principio de Mayoría Relativa,Comisión de Defensa Nacional|Comisión de Estudios Legislativos Segunda|Comisión de Seguridad Social|Comisión de Anticorrupción  Transparencia y Participación Ciudadana|Comisión de Relaciones Exteriores América Latina y el Caribe|,Guerrero,Movimiento Regeneración Nacional,Saúl López Sollano,null,jfelix.salgado@senado.gob.mx,01 (55) 5345 3000  Ext. 3202; 5827; 3112,1109-salgado_macedonio_jose_felix-20180823-100850.jpg,null,null,null,null,null,null
1081,Emilio Álvarez Icaza Longoria,Senador Electo por el Principio de Primera Minoría,Comisión de Defensa Nacional|Comisión de Estudios Legislativos Segunda|Comisión de Seguridad Social|Comisión de Anticorrupción  Transparencia y Participación Ciudadana|Comisión de Relaciones Exteriores América Latina y el Caribe|,Ciudad de México,Movimiento Regeneración Nacional,Rogelio Alberto Gómez Hermosillo Marín,null,emilio.alvarezicazal@senado.gob.mx,01 (55) 5345 3000  Ext. 5210,1081-icaza_longoria_emilio_lvarez-20180824-094919.jpg,null,null,null,null,null,null
1252,Carlos Humberto Aceves del Olmo,Senador Electo por Representación  Proporcional Basado en el Capítulo II; Sección I Artículo 56,Comisión de Trabajo y Previsión Social|Comisión de Energía|Comisión de Desarrollo Urbano  Ordenamiento Territorial y Vivienda|Comisión de Medio Ambiente  Recursos Naturales y Cambio Climático|Comisión de Seguridad Social|,Lista Nacional,Partido Revolucionario Institucional,José Eduardo Calzada Rovirosa,null,carlos.aceves@senado.gob.mx,01 (55) 5345 3000  Ext. 3565,1252-aceves_del_olmo_carlos_humberto-20180828-191540.jpg,null,null,null,null,null,null
1263,Rogelio Israel Zamora Guzmán,Senador Electo por Representación  Proporcional Basado en el Capítulo II; Sección I Artículo 56,Comisión de Marina|Comisión de Estudios Legislativos Primera|Comisión de Asuntos Fronterizos y Migratorios|,Lista Nacional,Partido Verde Ecologista de México,null,null,rogelio.zamora@senado.gob.mx,01 (55) 5345 3000  Ext. 5330; 3999,1263-zamora_guzman_rogelio_israel-20180828-094202.jpg,null,null,null,null,null,null
1209,Ricardo Ahued Bardahuil,Senador Electo por el Principio de Mayoría Relativa,Comisión de Relaciones Exteriores Asia - Pacífico - África|Comisión de Economía|Comisión de Hacienda y Crédito Público|Comisión de Justicia|Comisión de Recursos Hidráulicos|,Veracruz,Movimiento Regeneración Nacional,Ernesto Pérez Astorga,null,ricardo.ahued@senado.gob.mx,01 (55) 5345 3000  Ext. 3157; 5080; 5144,1209-ahued_bardahuil_ricardo-20180823-093700.jpg,null,null,null,null,null,null
1221,María Soledad Luévano Cantú,Senadora Electa por el Principio de Mayoría Relativa,Comisión de Administración|Comisión de Puntos Constitucionales|Comisión de Turismo|Comisión de Estudios Legislativos Primera|Comisión de Anticorrupción  Transparencia y Participación Ciudadana|,Zacatecas,Movimiento Regeneración Nacional,María Teresa Inguanzo González,null,soledad.luevano@senado.gob.mx,01 (55) 5345 3000  Ext. 3134,1221-luevano_cantu_maria_soledad-20180823-101052.jpg,null,null,null,null,null,null
1123,María Antonia Cárdenas Mariscal,Senadora Electa por el Principio de Primera Minoría,Mesa Directiva|Comisión de Agricultura  Ganadería  Pesca y Desarrollo Rural|Comisión de Administración|Comisión de Turismo|Comisión de Derechos de la Niñez y de la Adolescencia|,Jalisco,Partido Encuentro Social,Elisa Ileana de Robles Ramírez,null,maria.cardenas@senado.gob.mx,01 (55) 5345 3000  Ext. 5436; 3280; 3282,1123-cardenas_mariscal_maria_antonia-20180824-095041.jpg,null,null,null,null,null,null
1135,Antonio García Conejo,Senador Electo por el Principio de Primera Minoría,Comisión de Turismo|Comisión de Gobernación|Comisión de Desarrollo Urbano  Ordenamiento Territorial y Vivienda|Comisión de Relaciones Exteriores|Comisión de Recursos Hidráulicos|,Michoacán,Partido de la Revolución Democrática,Marco Trejo Pureco,null,antonio.garciac@senado.gob.mx,01 (55) 5345 3000  Ext. 3676; 3131; 5422,1135-garcia_conejo_antonio-20180823-094802.jpg,null,null,null,null,null,null
1191,Mónica Fernández Balboa,Senadora Electa por el Principio de Mayoría Relativa,Comisión de Turismo|Comisión de Gobernación|Comisión de Desarrollo Urbano  Ordenamiento Territorial y Vivienda|Comisión de Relaciones Exteriores|Comisión de Recursos Hidráulicos|,Tabasco,Movimiento Regeneración Nacional,Adriana Manzanilla Fojaco,null,monicafdezbalboa@senado.gob.mx,01 (55) 5345 3000  Ext. 3133,1191-fernandez_balboa_monica-20180823-101450.jpg,null,null,null,null,null,null
1193,Javier May Rodríguez,Senador Electo por el Principio de Mayoría Relativa,Comisión de Reforma Agraria|Comisión de Agricultura  Ganadería  Pesca y Desarrollo Rural|Comisión de Desarrollo y Bienestar Social|Comisión de Energía|Comisión de Recursos Hidráulicos|,Tabasco,Movimiento Regeneración Nacional,Ovidio Salvador Peralta Suárez,null,javier.may@senado.gob.mx,01 (55) 5345 3000  Ext. 3813; 3343,1193-may_rodriguez_javier-20180903-171542.jpg,null,null,null,null,null,null
1137,Miguel Ángel Navarro Quintero,Senador Electo por el Principio de Mayoría Relativa,Comisión de Salud|Comisión de Administración|Comisión de Derechos Humanos|Comisión de Reforma Agraria|Comisión de Turismo|,Nayarit,Movimiento Regeneración Nacional,Daniel Sepúlveda Árcega,null,miguel.navarro@senado.gob.mx,01 (55) 5345 3000  Ext. 3167; 3404,1137-navarro_quintero_miguel_ngel-20180823-102344.jpg,null,null,null,null,null,null
1125,Delfina Gómez Álvarez,Senadora Electa por el Principio de Mayoría Relativa,Comisión de Minería y Desarrollo Regional|Comisión de Desarrollo y Bienestar Social|Comisión de Zonas Metropolitanas|Comisión de Educación|Comisión de Anticorrupción  Transparencia y Participación Ciudadana|,México,Movimiento Regeneración Nacional,Martha Guerrero Sánchez,null,delfina.gomez@senado.gob.mx,01 (55) 5345 3000  Ext. 3561; 5507; 5139,1125-gomez_lvarez_delfina-20180824-095329.jpg,null,null,null,null,null,null
1219,Raúl Paz Alonzo,Senador Electo por el Principio de Primera Minoría,Comisión de Cultura|Comisión de Energía|Comisión de Seguridad Pública|Comisión de Turismo|,Yucatán,Partido Acción Nacional,Rodolfo Enrique González Crespo,null,raul.paz@senado.gob.mx,01 (55) 5345 3000  Ext. 3806,1219-paz_alonzo_raul-20180823-095118.jpg,null,null,null,null,null,null
1207,Minerva Hernández Ramos,Senadora Electa por el Principio de Primera Minoría,Comisión de Educación|Comisión de Administración|Comisión de Economía|Comisión de Hacienda y Crédito Público|,Tlaxcala,Partido Acción Nacional,Maura Hernández Fernández,null,minerva.hernandezr@senado.gob.mx,01 (55) 5345 3000  Ext. 5440; 5447; 3093,1207-hernandez_ramos_minerva-20180823-103755.jpg,null,null,null,null,null,null
1265,Geovanna del Carmen Bañuelos de La Torre,Senadora Electa por Representación  Proporcional Basado en el Capítulo II; Sección I Artículo 56,Comisión de Minería y Desarrollo Regional|Comisión de Administración|Comisión de Justicia|Comisión de Turismo|,Lista Nacional,Partido del Trabajo,María de Jesús Hernández Niño,null,geovanna.banuelos@senado.gob.mx,01 (55) 5345 3000  Ext. 3327,1265-banuelos_de_la_torre_geovanna_del_carmen-20180828-094111.jpg,null,null,null,null,null,null
1254,Vanessa Rubio Márquez,Senadora Electa por Representación  Proporcional Basado en el Capítulo II; Sección I Artículo 56,Comisión de Relaciones Exteriores América Latina y el Caribe|Comisión de Desarrollo y Bienestar Social|Comisión de Hacienda y Crédito Público|Comisión de Trabajo y Previsión Social|Comisión de Turismo|,Lista Nacional,Partido Revolucionario Institucional,Nancy Guadalupe Sánchez Arredondo,null,vanessa.rubio@senado.gob.mx,01 (55) 5345 3000  Ext. 3463; 5802; 5206,1254-rubio_marquez_vanessa-20180828-191854.jpg,null,null,null,null,null,null
1268,Eduardo Enrique Murat Hinojosa,Senador Electo por Representación  Proporcional Basado en el Capítulo II; Sección I Artículo 56,Comisión de Medio Ambiente  Recursos Naturales y Cambio Climático|Comisión de Administración|Comisión de Ciencia y Tecnología|,Lista Nacional,Partido Verde Ecologista de México,Nancy Guadalupe Sánchez Arredondo,null,eduardo.murat@senado.gob.mx,01 (55) 5345 3000  Ext. 3675,1268-murat_hinojosa_eduardo_enrique-20180906-164940.jpg,null,null,null,null,null,null
1258,Beatriz Elena Paredes Rangel,Senadora Electa por Representación  Proporcional Basado en el Capítulo II; Sección I Artículo 56,Comisión de Ciencia y Tecnología|Comisión de Gobernación|Comisión de Agricultura  Ganadería  Pesca y Desarrollo Rural|Comisión de Educación|Comisión de Relaciones Exteriores|,Lista Nacional,Partido Revolucionario Institucional,María Claudia Esqueda Llanes,null,beatriz.paredes@senado.gob.mx,01 (55) 5345 3000  Ext. 3320; 5944,1258-paredes_rangel_beatriz_elena-20180828-191614.jpg,null,null,null,null,null,null
1215,Verónica Noemí Camino Farjat,Senadora Electa por el Principio de Mayoría Relativa,Mesa Directiva|Comisión de Seguridad Pública|Comisión de Cultura|,Yucatán,Partido Verde Ecologista de México,María Marena López García,null,veronica.camino@senado.gob.mx,01 (55) 5345 3000  Ext. 3082; 3570,1215-camino_farjat_veronica_noemi-20180823-094438.jpg,null,null,null,null,null,null
1203,José Antonio Cruz Álvarez Lima,Senador Electo por el Principio de Mayoría Relativa,Comisión de Radio  Televisión y Cinematografía|Comisión de Puntos Constitucionales|Comisión de Relaciones Exteriores|Comisión de Relaciones Exteriores América del Norte|,Tlaxcala,Movimiento Regeneración Nacional,Joel Molina Ramírez,null,alvarez.lima@senado.gob.mx,01 (55) 5345 3000  Ext. 3144; 5562,1203-cruz_lvarez_lima_jose_antonio-20180824-095356.jpg,null,null,null,null,null,null
1141,Gloria Elizabeth Núñez Sánchez,Senadora Electa por el Principio de Primera Minoría,Comisión de Puntos Constitucionales|Comisión de Turismo|Comisión de Desarrollo Urbano  Ordenamiento Territorial y Vivienda|Comisión de Marina|Comisión de Relaciones Exteriores Asia - Pacífico - África|,Nayarit,Partido Acción Nacional,Martha María Rodríguez Domínguez,null,gloria.nunez@senado.gob.mx,01 (55) 5345 3000  Ext. 3029; 5585; 5482,1141-nunez_sanchez_gloria_elizabeth-20180823-104331.jpg,null,null,null,null,null,null
1129,Juan Manuel Zepeda Hernández,Senador Electo por el Principio de Primera Minoría,Mesa Directiva|Comisión de Estudios Legislativos|Comisión de Educación|Comisión de Justicia|Comisión de Puntos Constitucionales|Comisión de Trabajo y Previsión Social|,México,Partido de la Revolución Democrática,Omar Obed Maceda Luna,null,juan.zepeda@senado.gob.mx,01 (55) 5345 3000  Ext. 3970; 5499,1129-zepeda_hernandez_juan_manuel-20180823-094957.jpg,null,null,null,null,null,null
1127,Higinio Martínez Miranda,Senador Electo por el Principio de Mayoría Relativa,Comisión de Comunicaciones y Transportes|Comisión de Marina|Comisión de Seguridad Pública|Comisión de Cultura|Comisión de Relaciones Exteriores Asia - Pacífico - África|,México,Movimiento Regeneración Nacional,Ricardo Moreno Bastida,null,higinio.martinez@senado.gob.mx,01 (55) 5345 3000  Ext. 3203; 5377; 5481,1127-martinez_miranda_higinio-20180824-095205.jpg,null,null,null,null,null,null
1139,Cora Cecilia Pinedo Alonso,Senadora Electa por el Principio de Mayoría Relativa,Comisión de Relaciones Exteriores Asia - Pacífico - África|Comisión de Energía|Comisión de Marina|Comisión de Salud|,Nayarit,Partido del Trabajo,Sandra Elizabeth Alonso Gutiérrez,null,cora.pinedo@senado.gob.mx,01 (55) 5345 3000  Ext. 3530; 3296,1139-pinedo_alonso_cora_cecilia-20180825-112130.jpg,null,null,null,null,null,null
1205,Ana Lilia Rivera Rivera,Senadora Electa por el Principio de Mayoría Relativa,Comisión de Estudios Legislativos Segunda|Comisión de Agricultura  Ganadería  Pesca y Desarrollo Rural|Comisión de Justicia|Comisión de Cultura|Comisión de Anticorrupción  Transparencia y Participación Ciudadana|,Tlaxcala,Movimiento Regeneración Nacional,Rosa Eugenia Rodríguez López,null,ana.lilia.rivera@senado.gob.mx,01 (55) 5345 3000  Ext. 3342,1205-rivera_rivera_ana_lilia-20180823-102512.jpg,null,null,null,null,null,null
1217,Jorge Carlos Ramírez Marín,Senador Electo por el Principio de Mayoría Relativa,Comisión de Estudios Legislativos Segunda|Comisión de Agricultura  Ganadería  Pesca y Desarrollo Rural|Comisión de Justicia|Comisión de Cultura|Comisión de Anticorrupción  Transparencia y Participación Ciudadana|,Yucatán,Partido Revolucionario Institucional,Jorge Alberto Habib Abimerhi,null,jcarlos.ramirez@senado.gob.mx,01 (55) 5345 3000  Ext. 4108,1217-ramirez_marin_jorge_carlos-20180828-191745.jpg,null,null,null,null,null,null
1256,Miguel Ángel Osorio Chong,Senador Electo por Representación  Proporcional Basado en el Capítulo II; Sección I Artículo 56,Comisión de Estudios Legislativos Segunda|Comisión de Agricultura  Ganadería  Pesca y Desarrollo Rural|Comisión de Justicia|Comisión de Cultura|Comisión de Anticorrupción  Transparencia y Participación Ciudadana|,Lista Nacional,Partido Revolucionario Institucional,Francisco Guzmán Ortiz,null,miguel.osorio@senado.gob.mx,01 (55) 5345 3000  Ext. 3003,1256-osorio_chong_miguel_ngel-20180828-191708.jpg,null,null,null,null,null,null
1267,Alejandra Lagunes Soto Ruíz,Senadora Electa por Representación  Proporcional Basado en el Capítulo II; Sección I Artículo 56,Comisión de Estudios Legislativos Segunda|Comisión de Agricultura  Ganadería  Pesca y Desarrollo Rural|Comisión de Justicia|Comisión de Cultura|Comisión de Anticorrupción  Transparencia y Participación Ciudadana|,Lista Nacional,Partido Verde Ecologista de México,Daniela García Treviño,null,alejandra.lagunes@senado.gob.mx,01 (55) 5345 3000  Ext. 3337,1267-lagunes_soto_ruiz_alejandra-20180828-191304.jpg,null,null,null,null,null,null
1273,Antares Guadalupe Vázquez Alatorre,Senadora Electa por Representación  Proporcional Basado en el Capítulo II; Sección I Artículo 56,Mesa Directiva|Comisión de Relaciones Exteriores América Latina y el Caribe|Comisión de Derechos Humanos|Comisión de Zonas Metropolitanas|Comisión de Educación|Comisión de Salud|,Lista Nacional,Movimiento Regeneración Nacional,null,null,antares.vazquez@senado.gob.mx,01 (55) 5345 3000  Ext. 3834; 5995,1273-vazquez_alatorre_antares_guadalupe-20180825-112316.jpg,null,null,null,null,null,null
1248,Rafael Moreno Valle Rosas,Senador Electo por Representación  Proporcional Basado en el Capítulo II; Sección I Artículo 56,Mesa Directiva|Comisión de Relaciones Exteriores América Latina y el Caribe|Comisión de Derechos Humanos|Comisión de Zonas Metropolitanas|Comisión de Educación|Comisión de Salud|,Lista Nacional,Partido Acción Nacional,Roberto Juan Moya Clemente,null,rafael.morenovalle@senado.gob.mx,01 (55) 5345 3000  Ext. 2122,1248-moreno_valle_rosas_rafael-20180828-094235.jpg,null,null,null,null,null,null
1225,Claudia Edith Anaya Mota,Senadora Electa por el Principio de Primera Minoría,Comisión de Justicia|Comisión de Reglamentos y Prácticas Parlamentarias|Comisión de Economía|Comisión de Desarrollo Urbano  Ordenamiento Territorial y Vivienda|Comisión de Estudios Legislativos Segunda|,Zacatecas,Partido Revolucionario Institucional,Evelia Sandoval Urban,null,claudia.anaya@senado.gob.mx,01 (55) 5345 3000  Ext. 3184; 5303,1225-anaya_mota_claudia_edith-20180828-191558.jpg,null,null,null,null,null,null
1197,Ma. Guadalupe Covarrubias Cervantes,Senadora Electa por el Principio de Mayoría Relativa,Comisión de Cultura|Comisión de Derechos de la Niñez y de la Adolescencia|Comisión de Educación|Comisión de Para la Igualdad de Género|Comisión de Juventud y Deporte|,Tamaulipas,Movimiento Regeneración Nacional,Rosalinda Cantú González,null,maria.covarrubias@senado.gob.mx,01 (55) 5345 3000  Ext. 3281,1197-covarrubias_cervantes_maria_guadalupe-20180823-102426.jpg,null,null,null,null,null,null
1147,Víctor Oswaldo Fuentes Solís,Senador Electo por el Principio de Primera Minoría,Comisión de Desarrollo Urbano  Ordenamiento Territorial y Vivienda|Comisión de Zonas Metropolitanas|Comisión de Cultura|Comisión de Radio  Televisión y Cinematografía|,Nuevo León,Partido Acción Nacional,Jesús Horacio González Delgadillo,null,victor.fuentes@senado.gob.mx,01 (55) 5345 3000  Ext. 5173,1147-fuentes_solis_victor_oswaldo-20180831-185710.jpg,null,null,null,null,null,null
1119,Clemente Castañeda Hoeflich,Senador Electo por el Principio de Mayoría Relativa,Comisión de Anticorrupción  Transparencia y Participación Ciudadana|Comisión de Estudios Legislativos Primera|Comisión de Hacienda y Crédito Público|,Jalisco,Movimiento Ciudadano,José Alberto Galarza Villaseñor,null,clemente.castaneda@senado.gob.mx,01 (55) 5345 3000  Ext. 3053; 5889; 5140,1119-castaneda_hoeflich_jose_clemente-20180823-103949.jpg,null,null,null,null,null,null
1121,Verónica Delgadillo García,Senadora Electa por el Principio de Mayoría Relativa,Mesa Directiva|Comisión de Desarrollo y Bienestar Social|Comisión de Educación|Comisión de Ciencia y Tecnología|Comisión de Medio Ambiente  Recursos Naturales y Cambio Climático|Comisión de Cultura|,Jalisco,Movimiento Ciudadano,Ruth Alejandra López Hernández,null,verodelgadillog@senado.gob.mx,01 (55) 5345 3000  Ext. 3846,1121-delgadillo_garcia_veronica-20180828-191916.jpg,null,null,null,null,null,null
1149,Susana Harp Iturribarría,Senadora Electa por el Principio de Mayoría Relativa,Comisión de Cultura|Comisión de Medalla Belisario Domínguez|Comisión de Medio Ambiente  Recursos Naturales y Cambio Climático|Comisión de Radio  Televisión y Cinematografía|Comisión de Asuntos Fronterizos y Migratorios|,Oaxaca,Movimiento Regeneración Nacional,Concepción Rueda Gómez,null,susana.harp@senado.gob.mx,01 (55) 5345 3000  Ext. 3272; 5321,1149-harp_iturribarria_susana-20180823-101642.jpg,null,null,null,null,null,null
1195,Juan Manuel Fócil Pérez,Senador Electo por el Principio de Primera Minoría,Comisión de Defensa Nacional|Comisión de Juventud y Deporte|Comisión de Economía|Comisión de Hacienda y Crédito Público|Comisión de Salud|,Tabasco,Partido de la Revolución Democrática,Christian Gregorio Díaz Carrasco,null,juan.focil@senado.gob.mx,01 (55) 5345 3000  Ext. 5310; 3658; 3850,1195-focil_perez_juan_manuel-20180823-094533.jpg,null,null,null,null,null,null
1223,José Narro Céspedes,Senador Electo por el Principio de Mayoría Relativa,Comisión de Agricultura  Ganadería  Pesca y Desarrollo Rural|Comisión de Gobernación|Comisión de Hacienda y Crédito Público|Comisión de Puntos Constitucionales|Comisión de Relaciones Exteriores América del Norte|,Zacatecas,Movimiento Regeneración Nacional,Domingo Limones Zúñiga,null,jose.narro@senado.gob.mx,01 (55) 5345 3000  Ext. 3473; 5934,1223-narro_cespedes_jose-20180823-101249.jpg,null,null,null,null,null,null
1250,Claudia Ruiz Massieu Salinas,Senadora Electa por Representación  Proporcional Basado en el Capítulo II; Sección I Artículo 56,Comisión de Jurisdiccional|Comisión de Justicia|Comisión de Puntos Constitucionales|Comisión de Relaciones Exteriores|Comisión de Relaciones Exteriores América del Norte|,Lista Nacional,Partido Revolucionario Institucional,Mercedes del Carmen Guillen Vicente,null,claudia.ruizmassieu@senado.gob.mx,01 (55) 5345 3000  Ext. 3497,1250-ruiz_massieu_salinas_claudia-20180828-191510.jpg,null,null,null,null,null,null
1274,Héctor Vasconcelos,Senador Electo por Representación  Proporcional Basado en el Capítulo II; Sección I Artículo 56,Comisión de Relaciones Exteriores|Comisión de Relaciones Exteriores América del Norte|Comisión de Relaciones Exteriores América Latina y el Caribe|Comisión de Relaciones Exteriores Europa|,Lista Nacional,Movimiento Regeneración Nacional,null,null,hector.vasconcelos@senado.gob.mx,01 (55) 5345 3000  Ext. 3657; 3158; 5948,1274-vasconcelos_y_cruz_hector_enrique-20180828-191432.jpg,null,null,null,null,null,null
1246,Kenia López Rabadán,Senadora Electa por Representación  Proporcional Basado en el Capítulo II; Sección I Artículo 56,Comisión de Derechos Humanos|Comisión de Defensa Nacional|Comisión de Para la Igualdad de Género|Comisión de Trabajo y Previsión Social|Comisión de Estudios Legislativos Primera|,Lista Nacional,Partido Acción Nacional,Yadhira Yvette Tamayo Herrera,null,kenialopezrabadan@senado.gob.mx,01 (55) 5345 3000  Ext. 3484,1246-lopez_rabadan_kenia-20180825-112251.jpg,null,null,null,null,null,null
1272,Dante Delgado,Senador Electo por Representación  Proporcional Basado en el Capítulo II; Sección I Artículo 56,Coordinador del Grupo Parlamentario del Partido Movimiento Ciudadano|Comisión de Administración|Comisión de Energía|Comisión de Seguridad Pública|Comisión de Estudios Legislativos Segunda|,Lista Nacional,Movimiento Ciudadano,null,null,dantedelgado@senado.gob.mx,01 (55) 5345 3000  Ext. 5942; 5309,1272-delgado_rannauro_dante_alfonso-20180825-183345.jpg,null,null,null,null,null,null
1199,Américo Villarreal Anaya,Senador Electo por el Principio de Mayoría Relativa,Comisión de Radio  Televisión y Cinematografía|Comisión de Relaciones Exteriores América del Norte|Comisión de Energía|Comisión de Marina|Comisión de Salud|,Tamaulipas,Movimiento Regeneración Nacional,Faustino López Vargas,null,americo.villareal@senado.gob.mx,01 (55) 5345 3000  Ext. 3048; 5199,1199-villarreal_anaya_americo-20180823-102258.jpg,null,null,null,null,null,null
1236,Ricardo Monreal Ávila,Senador Electo por Representación  Proporcional Basado en el Capítulo II; Sección I Artículo 56,Comisión de Radio  Televisión y Cinematografía|Comisión de Relaciones Exteriores América del Norte|Comisión de Energía|Comisión de Marina|Comisión de Salud|,Lista Nacional,Movimiento Regeneración Nacional,Alejandro Rojas Diaz Duran,null,ricardo.monreal@senado.gob.mx,01 (55) 5345 3000  Ext. 3120,1236-monreal_vila_ricardo-20180823-100256.jpg,null,null,null,null,null,null
1173,Marco Antonio Gama Basarte,Senador Electo por el Principio de Mayoría Relativa,Comisión de Comunicaciones y Transportes|Comisión de Asuntos Indígenas|Comisión de Educación|Comisión de Juventud y Deporte|Comisión de Relaciones Exteriores América Latina y el Caribe|,San Luis Potosí,Partido Acción Nacional,Francisco Javier Salazar Sáenz,null,marco.gama@senado.gob.mx,01 (55) 5345 3000  Ext. 3328,1173-gama_basarte_marco_antonio-20180828-191932.jpg,null,null,null,null,null,null
1117,Nuvia Magdalena Mayorga Delgado,Senadora Electa por el Principio de Primera Minoría,Comisión de Administración|Comisión de Hacienda y Crédito Público|Comisión de Asuntos Indígenas|Comisión de Para la Igualdad de Género|Comisión de Anticorrupción  Transparencia y Participación Ciudadana|,Hidalgo,Partido Revolucionario Institucional,Nora Liliana Oropeza Olguin,null,nuvia.mayorga@senado.gob.mx,01 (55) 5345 3000  Ext. 3352; 5442,1117-mayorga_delgado_nuvia_magdalena-20180828-191527.jpg,null,null,null,null,null,null
1145,Indira Kempis Martínez,Senadora Electa por el Principio de Mayoría Relativa,Comisión de Desarrollo Urbano  Ordenamiento Territorial y Vivienda|Comisión de Economía|Comisión de Para la Igualdad de Género|Comisión de Turismo|Comisión de Asuntos Fronterizos y Migratorios|,Nuevo León,Movimiento Ciudadano,Marcela Luque Rángel,null,indira.kempis@senado.gob.mx,01 (55) 5345 3000  Ext. 3047,1145-kempis_martinez_indira-20180823-103826.jpg,null,null,null,null,null,null
1143,Samuel Alejandro García Sepúlveda,Senador Electo por el Principio de Mayoría Relativa,Comisión de Federalismo y Desarrollo Municipal|Comisión de Relaciones Exteriores América del Norte|Comisión de Estudios Legislativos|Comisión de Justicia|Comisión de Puntos Constitucionales|,Nuevo León,Movimiento Ciudadano,Luis David Ortíz Salinas,null,samuel.garcia@senado.gob.mx,01 (55) 5345 3000  Ext. 3302; 5156,1143-garcia_sepulveda_samuel_alejandro-20180823-103854.jpg,null,null,null,null,null,null
1115,Julio Ramón Menchaca Salazar,Senador Electo por el Principio de Mayoría Relativa,Comisión de Justicia|Comisión de Derechos Humanos|Comisión de Asuntos Fronterizos y Migratorios|,Hidalgo,Movimiento Regeneración Nacional,Navor Alberto Rojas Mancera,null,julio.menchaca@senado.gob.mx,01 (55) 5345 3000  Ext. 3763,1115-menchaca_salazar_julio_ramon-20180823-100518.jpg,null,null,null,null,null,null
1171,Mayuli Latifa Martínez Simón,Senadora Electa por el Principio de Primera Minoría,Comisión de Estudios Legislativos Primera|Comisión de Trabajo y Previsión Social|Comisión de Seguridad Social|Comisión de Relaciones Exteriores Asia - Pacífico - África|,Quintana Roo,Partido Acción Nacional,Laura Susana Martínez Cárdenas,null,mayuli.martinez@senado.gob.mx,01 (55) 5345 3000  Ext. 5397; 3472,1171-martinez_simon_mayuli_latifa-20180823-094849.jpg,null,null,null,null,null,null
1238,Josefina Vázquez Mota,Senadora Electa por Representación  Proporcional Basado en el Capítulo II; Sección I Artículo 56,Comisión de Derechos de la Niñez y de la Adolescencia|Comisión de Defensa Nacional|Comisión de Relaciones Exteriores|Comisión de Salud|Comisión de Seguridad Pública|,Lista Nacional,Partido Acción Nacional,Gloria Trinidad Luna Ruiz,null,josefina.vazquez@senado.gob.mx,01 (55) 5345 3000  Ext. 3019; 5905,1238-vazquez_mota_josefina_eugenia-20180828-094014.jpg,null,null,null,null,null,null
1201,Ismael García Cabeza de Vaca,Senador Electo por el Principio de Primera Minoría,Comisión de Marina|Comisión de Seguridad Pública|Comisión de Defensa Nacional|Comisión de Energía|Comisión de Asuntos Fronterizos y Migratorios|,Tamaulipas,Partido Acción Nacional,Edmundo José Marón Manzur,null,ismael.cabezadevaca@senado.gob.mx,01 (55) 5345 3000  Ext. 3234,1201-garcia_cabeza_de_vaca_ismael-20180823-173332.jpg,null,null,null,null,null,null
1271,Patricia Mercado,Senadora Electa por Representación  Proporcional Basado en el Capítulo II; Sección I Artículo 56,Comisión de Zonas Metropolitanas|Comisión de Trabajo y Previsión Social|Comisión de Salud|Comisión de Seguridad Social|Comisión de Derechos de la Niñez y de la Adolescencia|,Lista Nacional,Movimiento Ciudadano,Jessica María Guadalupe Ortega de La Cruz,null,patricia.mercado@senado.gob.mx,01 (55) 5345 3000  Ext. 3078; 5119,1271-mercado_castro_dora_patricia-20180825-183709.jpg,null,null,null,null,null,null
1244,Damián Zepeda Vidales,Senador Electo por Representación  Proporcional Basado en el Capítulo II; Sección I Artículo 56,Coordinador del Grupo Parlamentario del Partido Acción Nacional|Comisión de Gobernación|Comisión de Justicia|Comisión de Puntos Constitucionales|Comisión de Estudios Legislativos Segunda|,Lista Nacional,Partido Acción Nacional,Luis Gerardo Serrato Castell,null,damianzepeda@senado.gob.mx,01 (55) 5345 3000  Ext. 3502,1244-zepeda_vidales_damian-20180827-095745.jpg,null,null,null,null,null,null